customer_id,name,email,phone,city,join_date
CUST-10000,Anusha Garg,ekantika18@example.com,03235863961,Ajman,2024-05-10
CUST-10001,Harshil Nagar,schad@example.com,00102805239,Abu Dhabi,2025-06-19
CUST-10002,Omya Brar,kashyapwarinder@example.org,8198963163,Ajman,2025-04-01
CUST-10003,Gavin Chauhan,vedhikasampath@example.org,03662680608,Abu Dhabi,2024-03-06
CUST-10004,Zehaan Borra,amrita58@example.org,+913814564526,Abu Dhabi,2025-03-18
CUST-10005,Sara Sodhi,aramakrishnan@example.net,+912084911604,Sharjah,2024-08-06
CUST-10006,Imaran Banerjee,hardik23@example.com,+918568715445,Sharjah,2024-08-10
CUST-10007,Kashish Bora,rattiyuvraj@example.net,+915110512349,Abu Dhabi,2026-01-18
CUST-10008,Qasim Mohan,landra@example.org,00808060826,Ajman,2025-05-26
CUST-10009,Fitan Sachar,raoneha@example.com,06864963981,Abu Dhabi,2026-02-08
CUST-10010,Dhriti Nayar,csathe@example.com,00755394198,Dubai,2024-05-08
CUST-10011,Christopher Ratta,kashvisama@example.com,0155307724,Dubai,2025-06-03
CUST-10012,Watika Sama,bavashivani@example.net,+911052340091,Abu Dhabi,2025-12-30
CUST-10013,Bishakha Dayal,ryan64@example.net,+917002484189,Ajman,2024-12-22
CUST-10014,Chakrika Bobal,abhabhagat@example.com,00356634264,Sharjah,2026-01-03
CUST-10015,Girindra Vasa,etaneja@example.net,+917975394850,Ajman,2024-11-04
CUST-10016,Yauvani Sharaf,zkota@example.org,+910606852020,Ajman,2025-02-01
CUST-10017,Devansh Bajaj,aayushkant@example.org,04688485640,Abu Dhabi,2024-05-16
CUST-10018,Saanvi Mahajan,gdube@example.net,7416254436,Sharjah,2024-10-21
CUST-10019,Warda Sheth,rmall@example.org,+915454509853,Abu Dhabi,2024-10-12
CUST-10020,Shaurya Pal,januja00@example.net,09753692226,Dubai,2025-01-23
CUST-10021,Reva Karan,csoni@example.org,03651793921,Ajman,2025-08-10
CUST-10022,Ladli Khatri,okala@example.org,+918147054831,Ajman,2026-01-15
CUST-10023,Laban Shetty,nakuldugar@example.com,+911435941895,Sharjah,2024-11-04
CUST-10024,Krish Pall,chaman02@example.com,6676579990,Abu Dhabi,2025-03-09
CUST-10025,Theodore Bora,gavinsampath@example.com,4145160750,Ajman,2025-01-25
CUST-10026,Gauri Ghose,boraupasna@example.org,6500961353,Abu Dhabi,2024-10-14
CUST-10027,Timothy Thakkar,rachana51@example.org,+918640889420,Sharjah,2024-05-24
CUST-10028,Arunima Menon,adweta49@example.net,02792400933,Ajman,2025-01-15
CUST-10029,Abeer Bansal,qadimchopra@example.net,5806951635,Abu Dhabi,2025-10-10
CUST-10030,Chandresh Bala,wsibal@example.net,8662790887,Abu Dhabi,2025-01-26
CUST-10031,Tanay Bajaj,yadavjagdish@example.net,07876561790,Abu Dhabi,2024-12-29
CUST-10032,Qasim Upadhyay,aarna90@example.org,+913541962306,Ajman,2024-12-16
CUST-10033,Widisha Randhawa,batradevika@example.org,6890446494,Ajman,2025-05-31
CUST-10034,Faris Apte,idasgupta@example.com,+919511314223,Sharjah,2025-08-02
CUST-10035,Turvi Wagle,unnatikrishna@example.com,03303215803,Ajman,2025-11-18
CUST-10036,Vincent Sura,bhavya82@example.com,06279069020,Dubai,2024-11-15
CUST-10037,Sai Prabhu,alexandervenkatesh@example.org,+915389292200,Abu Dhabi,2024-05-08
CUST-10038,Ikshita Khanna,chadhaomaja@example.com,+910808185886,Abu Dhabi,2025-11-12
CUST-10039,Oeshi Butala,bhavanisha@example.com,09950335595,Abu Dhabi,2024-06-15
CUST-10040,Michael Bora,samar28@example.com,+917595910079,Dubai,2024-04-28
CUST-10041,Nathaniel Oak,nimratatwal@example.net,6284334286,Ajman,2024-11-12
CUST-10042,Inaya Iyengar,christopherbarman@example.net,+915719898916,Abu Dhabi,2024-03-24
CUST-10043,Yutika Nori,cravel@example.net,+918273542150,Sharjah,2024-11-20
CUST-10044,Elijah Jhaveri,tkamdar@example.org,09605930149,Ajman,2024-05-10
CUST-10045,Lucky Chacko,amara80@example.org,6300476391,Sharjah,2025-03-20
CUST-10046,Januja Chaudhari,dalajasavant@example.org,0829771493,Abu Dhabi,2024-10-29
CUST-10047,Tanay Zachariah,xiti14@example.com,+918271014442,Sharjah,2024-07-07
CUST-10048,Chatura Murty,jananinaidu@example.net,+916769747425,Abu Dhabi,2025-12-26
CUST-10049,Idika Rastogi,vedantnanda@example.com,2078642350,Dubai,2024-07-10
CUST-10050,Parth Badal,farhan88@example.net,06627367813,Dubai,2024-10-26
CUST-10051,Bhavya Madan,ovyas@example.net,5365420366,Dubai,2025-12-10
CUST-10052,Pranit Taneja,kalaleena@example.net,08918518676,Abu Dhabi,2025-12-24
CUST-10053,Gopal Tailor,anmolpillay@example.com,+917704446160,Ajman,2025-11-03
CUST-10054,Ria Prashad,advaithbhatt@example.net,+912459767520,Ajman,2024-09-17
CUST-10055,Sara Sathe,kmahajan@example.org,1705240396,Ajman,2025-05-02
CUST-10056,Suhani Bajwa,charvi65@example.com,06524982502,Ajman,2025-04-09
CUST-10057,Eiravati Bhat,gdalia@example.com,+910421865867,Abu Dhabi,2024-02-29
CUST-10058,Theodore Oza,bhattacharyyasara@example.net,+914005209551,Sharjah,2025-04-22
CUST-10059,Adweta Cheema,vedant00@example.org,+915717906744,Sharjah,2025-08-07
CUST-10060,Megha Nair,mkhanna@example.org,5172114383,Sharjah,2024-08-15
CUST-10061,Ekaja Ganguly,dugarmitesh@example.org,+910374392374,Sharjah,2024-08-23
CUST-10062,Faqid Atwal,vbhatia@example.org,+918332203891,Dubai,2024-07-05
CUST-10063,Zashil Jaggi,dhaliwalnidhi@example.com,07215831838,Dubai,2026-02-11
CUST-10064,Ekaja Patel,nitarajaggi@example.com,7139096408,Abu Dhabi,2024-08-20
CUST-10065,Anjali Sahota,ykhalsa@example.com,7695627559,Sharjah,2024-05-17
CUST-10066,Qasim Basak,yvenkatesh@example.com,08057696348,Ajman,2024-08-09
CUST-10067,Aayush Saraf,siddharth91@example.net,05378892044,Ajman,2024-12-23
CUST-10068,Jonathan Pingle,harshnarula@example.org,06407283376,Ajman,2024-09-03
CUST-10069,Geetika Din,kalpit84@example.net,04027984045,Abu Dhabi,2025-12-09
CUST-10070,Meghana Shanker,ronithcheema@example.com,9982446331,Dubai,2025-04-23
CUST-10071,Onkar Mangat,qparsa@example.net,+913386412134,Ajman,2025-10-05
CUST-10072,Eesha Bose,garaekanta@example.com,02682135215,Ajman,2024-12-15
CUST-10073,Gautami Krishnamurthy,adityavala@example.org,+910987796929,Dubai,2024-10-10
CUST-10074,Banjeet Setty,deyamara@example.com,08009016210,Ajman,2025-03-09
CUST-10075,Jeremiah Rege,tkothari@example.net,+913203380180,Dubai,2025-11-09
CUST-10076,Noah Bains,jdugar@example.net,4303789398,Ajman,2025-12-04
CUST-10077,Mekhala Rattan,mannanhemal@example.org,9325052005,Sharjah,2024-09-15
CUST-10078,Nandini Badami,agarwaljanuja@example.org,9956577119,Dubai,2024-09-09
CUST-10079,Ekta Lad,gagan88@example.com,+911801132996,Dubai,2025-03-01
CUST-10080,Zayan Ramaswamy,dev24@example.net,0784557379,Dubai,2025-03-05
CUST-10081,Vedant Walia,azadbobal@example.org,2358509798,Abu Dhabi,2025-02-17
CUST-10082,Lipika Cherian,pranit72@example.com,06571199103,Dubai,2025-03-14
CUST-10083,Ryan Pal,parikhharshil@example.com,+910023930176,Sharjah,2024-03-06
CUST-10084,Balendra Dutt,aggarwalavni@example.org,+918450834732,Abu Dhabi,2025-07-05
CUST-10085,Ishanvi Sha,tandonneha@example.net,08342934424,Ajman,2024-04-14
CUST-10086,Advay Rajagopalan,chandanimrat@example.net,+910922355236,Ajman,2025-11-18
CUST-10087,Idika Gopal,rishigade@example.com,+913091050718,Dubai,2025-08-10
CUST-10088,Dominic Manne,hamsini03@example.com,01419965277,Abu Dhabi,2026-01-14
CUST-10089,Nimrat Ratti,jsarkar@example.net,5517060859,Dubai,2025-05-15
CUST-10090,Vedika Sarkar,dalajadhar@example.com,01904090215,Ajman,2025-03-19
CUST-10091,Naveen Vig,ogill@example.com,8844324622,Sharjah,2024-09-05
CUST-10092,Yashoda Biswas,tripti06@example.org,5209714965,Sharjah,2024-11-13
CUST-10093,Urmi Apte,ekansh78@example.com,+914554720229,Abu Dhabi,2025-04-03
CUST-10094,Tanish Batta,harrison61@example.com,+913897536961,Ajman,2025-01-10
CUST-10095,Darika Varghese,yashasvichana@example.com,09454037352,Dubai,2025-09-24
CUST-10096,Elijah Bala,labansetty@example.net,7773669587,Ajman,2025-03-31
CUST-10097,Bhanumati Nazareth,pillaijanani@example.org,2184014445,Ajman,2025-04-26
CUST-10098,Devika Iyer,zarnakrish@example.net,03092470789,Sharjah,2024-09-14
CUST-10099,Harita Bhardwaj,sagaryuvraj@example.com,02522726278,Sharjah,2026-02-25
CUST-10100,Caleb Seshadri,schaudhary@example.org,+916003451743,Ajman,2025-06-24
CUST-10101,Gaurang Samra,wishirastogi@example.org,09043446979,Dubai,2025-08-31
CUST-10102,Darpan Sarkar,wgola@example.com,0891767914,Ajman,2025-07-08
CUST-10103,Jeet Bhandari,chakrabortyonkar@example.net,+914589172104,Abu Dhabi,2025-07-03
CUST-10104,Sara Chandran,bhargavachaaya@example.net,2620578189,Sharjah,2024-12-15
CUST-10105,Gautami Dugal,routlekha@example.com,08987507990,Abu Dhabi,2024-03-09
CUST-10106,Darsh Grewal,atwalluke@example.org,4077993923,Ajman,2025-05-26
CUST-10107,Vihaan Sampath,caleb57@example.org,04228587109,Ajman,2024-05-08
CUST-10108,Harsh Mani,yatan21@example.com,02326989172,Sharjah,2025-03-02
CUST-10109,Aishani Andra,kashishrattan@example.com,+912851586414,Ajman,2025-05-12
CUST-10110,Upadhriti Batta,prabhakarsachi@example.com,4062987869,Sharjah,2026-01-05
CUST-10111,Yashvi Venkatesh,deojyoti@example.com,+915579000820,Ajman,2024-11-16
CUST-10112,Madhav Gulati,ekiya13@example.org,+919848542063,Dubai,2024-10-20
CUST-10113,Owen Sarin,nicholas79@example.com,8215502758,Sharjah,2025-02-22
CUST-10114,Nitara Bumb,chakrabartirajeshri@example.org,0624596163,Sharjah,2025-07-16
CUST-10115,Oviya Kala,pborra@example.org,+913476212996,Sharjah,2024-05-02
CUST-10116,Gaurav Goswami,sdatta@example.com,+913961864606,Ajman,2024-10-15
CUST-10117,Dipta Salvi,darsh47@example.org,0417424629,Sharjah,2025-09-29
CUST-10118,Chandran Rau,usankaran@example.com,6207598661,Sharjah,2026-02-01
CUST-10119,Fariq Parsa,kiaandivan@example.net,3527379173,Abu Dhabi,2024-05-14
CUST-10120,Ekavir Chander,basakchakrika@example.org,+914615728446,Sharjah,2025-07-20
CUST-10121,Shaurya Sheth,vermawahab@example.org,1467661504,Abu Dhabi,2025-08-28
CUST-10122,Suhani Iyengar,ooommen@example.com,+912306624758,Sharjah,2025-08-09
CUST-10123,Thomas Dani,fiyazhayre@example.com,7446824200,Sharjah,2024-08-17
CUST-10124,Waida Andra,wrideshmital@example.net,07253886635,Abu Dhabi,2024-06-14
CUST-10125,Quincy Zacharia,abhimanyusarma@example.com,+914929491572,Dubai,2025-04-07
CUST-10126,Dalbir Sunder,deoamruta@example.net,3157155316,Sharjah,2024-04-08
CUST-10127,Bhavika Sampath,mitraniharika@example.org,+919589716498,Sharjah,2024-05-23
CUST-10128,Jeevika Bhagat,aahana42@example.com,8255816034,Sharjah,2025-12-16
CUST-10129,Naksh Soni,garima18@example.org,+918257129632,Ajman,2025-11-18
CUST-10130,Oliver Bedi,zbasak@example.net,+918695477240,Dubai,2025-12-17
CUST-10131,Nisha Balay,udant68@example.com,0210374941,Sharjah,2024-12-27
CUST-10132,Urvi Vig,atinagi@example.net,00965377946,Dubai,2025-03-20
CUST-10133,Jairaj Shenoy,tanmayisachdeva@example.net,+917601930912,Ajman,2025-04-18
CUST-10134,Chakradhar Zachariah,ladwahab@example.org,07303746520,Sharjah,2025-05-17
CUST-10135,Hema Dalal,sachdevlohit@example.com,9131291610,Sharjah,2025-05-06
CUST-10136,Megha Warrior,vanyakhalsa@example.net,7913637366,Ajman,2025-05-29
CUST-10137,Simon Keer,sudiksha81@example.net,+916718418592,Dubai,2024-09-17
CUST-10138,Chakrika Thakkar,ayushman62@example.org,07483549291,Abu Dhabi,2026-01-27
CUST-10139,Thomas Kunda,qkalita@example.net,+918324429967,Dubai,2025-11-08
CUST-10140,Chasmum Sachdev,anvi87@example.com,5443884431,Dubai,2025-03-19
CUST-10141,Tejas Jain,chandran70@example.org,01864971259,Dubai,2025-07-03
CUST-10142,Omkaar Kunda,qmaharaj@example.net,00280219605,Ajman,2025-11-25
CUST-10143,Balvan Tella,borahomkaar@example.net,07267103623,Abu Dhabi,2026-01-22
CUST-10144,Harshil Mani,chokshivansha@example.net,07083890524,Dubai,2025-09-11
CUST-10145,Chaitanya Batta,chavvi42@example.net,8383362236,Sharjah,2024-11-21
CUST-10146,George Maharaj,varshamistry@example.net,9640641179,Dubai,2025-06-02
CUST-10147,Bishakha Chaudhary,harshil38@example.com,+917858160473,Abu Dhabi,2025-07-28
CUST-10148,Rudra Shenoy,hsharma@example.com,7615346966,Dubai,2025-02-28
CUST-10149,Falan Batra,robert28@example.com,05609905364,Dubai,2024-09-22
CUST-10150,Forum Khalsa,fiyaztailor@example.org,00824291307,Dubai,2025-05-01
CUST-10151,Riya Sarin,kashvibumb@example.com,6693137045,Dubai,2026-02-26
CUST-10152,Jonathan Solanki,qbajwa@example.org,9258846987,Dubai,2025-02-15
CUST-10153,Chatresh Ahluwalia,lramaswamy@example.net,0898492240,Dubai,2024-12-29
CUST-10154,Yochana Johal,waliishani@example.com,6258614047,Abu Dhabi,2024-05-30
CUST-10155,Anthony Shenoy,jbumb@example.com,01424358968,Ajman,2024-07-17
CUST-10156,Nilima Bumb,libnivasa@example.org,+916802867039,Dubai,2024-11-12
CUST-10157,Anay Jhaveri,jayaramanmugdha@example.org,8826220007,Abu Dhabi,2025-03-07
CUST-10158,Harish Kala,nakulsaini@example.com,3557490025,Sharjah,2024-12-12
CUST-10159,Zaid Chaudhry,vseshadri@example.org,5962039872,Ajman,2024-10-19
CUST-10160,Anjali Rau,gangulychaman@example.com,+918192153432,Sharjah,2024-04-08
CUST-10161,Abeer Khanna,ravivasana@example.net,7258395852,Abu Dhabi,2024-12-16
CUST-10162,Fariq Parsa,jdesai@example.net,00586106091,Ajman,2024-03-20
CUST-10163,Advaith Agate,xsarkar@example.com,+912095008476,Ajman,2024-09-08
CUST-10164,Rajeshri Khurana,cgole@example.org,4517970184,Sharjah,2024-08-30
CUST-10165,Aradhana Sibal,madhav08@example.net,+919589176953,Abu Dhabi,2025-03-30
CUST-10166,Tripti Ramakrishnan,iyengareesha@example.com,06075837455,Dubai,2025-10-24
CUST-10167,Ekani Gupta,vpandit@example.net,02407925988,Abu Dhabi,2024-09-06
CUST-10168,Tanvi Chandra,natarajanbakhshi@example.net,+910764545548,Ajman,2024-04-11
CUST-10169,Harish Sundaram,ria08@example.com,+918735887911,Sharjah,2025-03-29
CUST-10170,Ishwar Panchal,tamanna97@example.net,01255748280,Ajman,2024-12-05
CUST-10171,Leena Babu,nramanathan@example.com,6446438487,Abu Dhabi,2026-01-09
CUST-10172,Zashil Kalita,dalbir15@example.com,+910514871897,Sharjah,2025-09-29
CUST-10173,Isaiah Shroff,upadhriti84@example.net,03336076564,Dubai,2025-01-09
CUST-10174,Zarna Sachdev,pushti33@example.com,+915499653721,Ajman,2025-06-25
CUST-10175,Ekapad Walla,nikita55@example.net,03522376358,Abu Dhabi,2025-01-29
CUST-10176,Yashica Sarna,mahajanadvik@example.com,+919146969598,Dubai,2025-10-17
CUST-10177,Zaitra Bhardwaj,panini82@example.net,3390619948,Abu Dhabi,2025-01-14
CUST-10178,Dhruv Raju,parmerwarda@example.com,+912560778851,Ajman,2024-12-13
CUST-10179,Aarnav Sanghvi,chavvisaraf@example.com,+914306463139,Ajman,2024-10-19
CUST-10180,Om Pai,riapalan@example.net,+916587072681,Abu Dhabi,2025-11-06
CUST-10181,Bimala Kalla,kataridhi@example.net,7277516096,Abu Dhabi,2024-08-07
CUST-10182,Maanav Seshadri,osha38@example.com,+912443285861,Ajman,2025-04-08
CUST-10183,Upkaar Soman,fariskalita@example.org,+919551776534,Abu Dhabi,2025-10-08
CUST-10184,Ishwar Dutta,rudra59@example.org,04442604155,Abu Dhabi,2025-03-28
CUST-10185,Gaurav Tiwari,lavanyajayaraman@example.com,00810604010,Abu Dhabi,2025-08-12
CUST-10186,Urmi Sastry,cdass@example.net,9603960808,Dubai,2024-12-16
CUST-10187,Madhav Parikh,indrajit84@example.org,4980714613,Ajman,2025-10-24
CUST-10188,Rohan Mangat,sharmadivya@example.org,+912092373400,Abu Dhabi,2025-06-07
CUST-10189,Netra Vig,mitteraishani@example.org,+915844149776,Ajman,2026-01-06
CUST-10190,Mugdha Gour,zkhare@example.com,3144838656,Dubai,2025-09-08
CUST-10191,Nathaniel Dua,abdulrajan@example.org,+916688315569,Sharjah,2025-10-11
CUST-10192,Chandresh Jaggi,daveniharika@example.com,+914149688711,Sharjah,2024-11-01
CUST-10193,Chatresh Kamdar,oviyaramanathan@example.com,+916145577124,Abu Dhabi,2025-06-19
CUST-10194,Oscar Chaudhari,brindasant@example.net,+911570696458,Abu Dhabi,2025-11-30
CUST-10195,Parth Contractor,gkaran@example.com,+919782818033,Ajman,2024-05-07
CUST-10196,Sneha Baria,agrawalikshita@example.org,03139873366,Dubai,2025-04-22
CUST-10197,Upma Kadakia,farassood@example.com,7909601308,Dubai,2024-03-14
CUST-10198,Teerth Ramesh,nitesh46@example.com,00754645002,Abu Dhabi,2025-06-29
CUST-10199,Isaiah Setty,jatwal@example.net,+915697371581,Dubai,2024-08-07
CUST-10200,Inaya Divan,zgopal@example.org,07362587624,Sharjah,2024-06-26
CUST-10201,Zashil Prasad,janne@example.com,1643327367,Sharjah,2025-07-15
CUST-10202,Yatin Nagar,dalbir14@example.net,5731394344,Dubai,2024-08-23
CUST-10203,Libni Sibal,vihaan05@example.com,+912267528635,Ajman,2025-06-10
CUST-10204,Xavier Bhakta,wkaur@example.com,05223322858,Ajman,2026-01-21
CUST-10205,Charan Borah,dakshachacko@example.org,01188201450,Dubai,2025-06-28
CUST-10206,Deepa Kalla,wvirk@example.org,+911462014704,Sharjah,2024-08-04
CUST-10207,Manya Rastogi,aryanparsa@example.net,8244001158,Abu Dhabi,2025-05-27
CUST-10208,Oscar Sha,harshahluwalia@example.org,9342884331,Abu Dhabi,2025-12-26
CUST-10209,Nidhi Din,tarakkibe@example.com,+916071355725,Ajman,2025-11-20
CUST-10210,Upkaar Garde,aachalbora@example.org,9493029436,Ajman,2024-08-08
CUST-10211,Chandran Pandit,ynagarajan@example.org,08520169081,Sharjah,2024-04-13
CUST-10212,Urmi Arya,eramaswamy@example.net,02004042761,Sharjah,2025-02-10
CUST-10213,Chanchal Cheema,ezacharia@example.net,+911263278451,Ajman,2024-06-10
CUST-10214,Gaurangi Karnik,ekakar@example.net,5084853825,Ajman,2024-09-28
CUST-10215,Watika Sastry,candra@example.org,9007235636,Dubai,2024-11-11
CUST-10216,Robert More,menongirindra@example.org,05763753775,Abu Dhabi,2024-05-11
CUST-10217,Vinaya Krishnan,harish30@example.com,8384759333,Dubai,2025-09-05
CUST-10218,Jairaj Edwin,ikshita26@example.org,+916394649011,Sharjah,2025-03-19
CUST-10219,Divya Suresh,dkamdar@example.net,+914558050916,Dubai,2025-11-11
CUST-10220,Raksha Saha,mahajananthony@example.net,0970355243,Ajman,2024-06-19
CUST-10221,Aadhya Trivedi,tankbaljiwan@example.com,08541773223,Sharjah,2024-08-18
CUST-10222,Oeshi Ganesh,vyanjanacomar@example.com,03250048961,Abu Dhabi,2024-02-29
CUST-10223,Parth Halder,cgoda@example.com,3825903741,Ajman,2025-07-27
CUST-10224,Anamika Modi,nborra@example.org,07467581206,Ajman,2024-08-31
CUST-10225,Vanya Rajagopalan,upma38@example.net,+919437015952,Ajman,2024-03-02
CUST-10226,Bhavika Dani,nandini44@example.com,+915017819940,Dubai,2025-06-24
CUST-10227,Jonathan Char,niharika73@example.net,03363023644,Dubai,2024-06-04
CUST-10228,Thomas Bera,jagratibalasubramanian@example.net,+917359750220,Dubai,2024-07-24
CUST-10229,Saanvi Raja,wchander@example.org,03380587646,Ajman,2024-11-13
CUST-10230,Lohit Sekhon,shravyapathak@example.org,+911555753178,Sharjah,2024-11-11
CUST-10231,Anay Bir,avniperi@example.com,+912228610544,Sharjah,2025-06-18
CUST-10232,Arya Mann,psathe@example.org,02942519205,Ajman,2025-04-09
CUST-10233,Warda Sabharwal,maniekbal@example.org,+919246035196,Sharjah,2025-03-16
CUST-10234,Daniel Desai,reyansh33@example.net,2966009584,Sharjah,2025-08-17
CUST-10235,Kevin Sastry,sneha70@example.com,+917467965106,Ajman,2025-10-26
CUST-10236,Hitesh Hayre,buchladli@example.net,+914567278027,Abu Dhabi,2024-11-07
CUST-10237,Fitan Mukherjee,anmolchand@example.com,+917089635895,Sharjah,2025-02-05
CUST-10238,Chandani Chowdhury,rohandeshpande@example.net,+918314711638,Abu Dhabi,2025-02-22
CUST-10239,Anita Mistry,jyotibuch@example.com,0397662510,Abu Dhabi,2025-11-02
CUST-10240,Brinda Ravi,darajairaj@example.net,09721215853,Dubai,2025-06-03
CUST-10241,Rachana Bajwa,xbalan@example.com,+913663363088,Dubai,2025-04-19
CUST-10242,Owen Sankaran,salviarunima@example.org,9772862450,Abu Dhabi,2025-08-05
CUST-10243,Maya Pai,gaurimuni@example.net,1639703241,Ajman,2025-03-15
CUST-10244,Owen Patla,mukhopadhyayhredhaan@example.net,+916551790061,Dubai,2024-09-26
CUST-10245,Rachita Rattan,zmukhopadhyay@example.net,9504568915,Dubai,2026-01-23
CUST-10246,Ganga Swaminathan,vedhikahora@example.net,7375536218,Ajman,2025-04-04
CUST-10247,Chaman Dasgupta,cnagy@example.com,00900420711,Ajman,2026-01-29
CUST-10248,Zayyan Chacko,jainrachit@example.com,4128552774,Sharjah,2024-11-24
CUST-10249,Zansi Aurora,chamannazareth@example.net,+911011035093,Sharjah,2025-06-09
CUST-10250,Upasna Anne,vanya32@example.org,8174400836,Ajman,2024-05-28
CUST-10251,Nihal Bali,varkeychanchal@example.net,9737922484,Abu Dhabi,2024-03-12
CUST-10252,Sneha Tara,khannabahadurjit@example.org,+918865123703,Abu Dhabi,2024-05-02
CUST-10253,Guneet Bhatti,wpall@example.org,2596096332,Abu Dhabi,2024-05-05
CUST-10254,Qasim Yohannan,goswamianya@example.net,+914744822758,Dubai,2025-01-18
CUST-10255,Yoshita Raja,chaturamannan@example.com,+915578312453,Abu Dhabi,2024-09-05
CUST-10256,Gaurika Dixit,shivani75@example.org,6155293810,Abu Dhabi,2025-06-13
CUST-10257,Waida Sachar,walireva@example.net,08508379849,Abu Dhabi,2024-06-19
CUST-10258,Mitali Iyengar,wbath@example.net,05878812672,Dubai,2024-12-21
CUST-10259,Rajata Kashyap,wriddhish66@example.com,+912276267290,Dubai,2025-05-25
CUST-10260,Jeet Menon,jasmitvig@example.org,+916715267513,Sharjah,2025-09-27
CUST-10261,Bhavini Bhakta,lekhagole@example.net,+917782231020,Ajman,2025-08-10
CUST-10262,Inaya Sama,mchauhan@example.org,02503321540,Abu Dhabi,2025-11-08
CUST-10263,Unnati Bobal,mitranandini@example.com,7775107687,Abu Dhabi,2025-04-14
CUST-10264,Aadhya Doshi,palvamakshi@example.net,08078139446,Dubai,2026-01-06
CUST-10265,Irya Wadhwa,jairajbhattacharyya@example.net,5268958046,Abu Dhabi,2024-09-13
CUST-10266,Netra Chander,vparikh@example.net,+917147783992,Sharjah,2025-10-09
CUST-10267,Pushti Pingle,rgulati@example.com,3623929092,Sharjah,2024-04-25
CUST-10268,Omya Chawla,vyanjana78@example.org,00766251563,Abu Dhabi,2024-07-29
CUST-10269,Unni Sheth,doshinathaniel@example.com,+911732360925,Dubai,2024-10-16
CUST-10270,Azad Ramesh,padmanabhanmadhav@example.org,1288516462,Dubai,2025-06-16
CUST-10271,Ikbal Narasimhan,qrau@example.org,2182592783,Sharjah,2024-05-30
CUST-10272,Yashoda Sundaram,devanshrajagopalan@example.org,4745372347,Ajman,2025-09-04
CUST-10273,Gayathri Shanker,sameshjoshi@example.net,06536306243,Abu Dhabi,2024-12-21
CUST-10274,Warinder Barad,zayyankhatri@example.com,5039274200,Abu Dhabi,2025-04-13
CUST-10275,Chaitanya Narayan,mchatterjee@example.com,06384605285,Dubai,2024-06-17
CUST-10276,Nakul Chahal,anirudhthaker@example.com,8082537273,Sharjah,2025-02-03
CUST-10277,Garima Tak,kapurreva@example.com,09176022805,Dubai,2024-09-19
CUST-10278,Avni Sarraf,varshachaudry@example.org,+915401957268,Ajman,2024-03-22
CUST-10279,Ijaya Nanda,luckydayal@example.com,+918452713547,Sharjah,2025-04-10
CUST-10280,Arunima Hans,sibalyochana@example.net,+915844637498,Dubai,2025-08-24
CUST-10281,Brijesh Gandhi,zacharialohit@example.com,+912039278238,Dubai,2025-01-21
CUST-10282,Xalak Varma,zbora@example.com,+910868566230,Ajman,2025-10-19
CUST-10283,Meera Pall,sibalsamarth@example.com,+913640853979,Ajman,2024-08-04
CUST-10284,Sai Doshi,harrisonpant@example.org,4591528427,Abu Dhabi,2026-01-25
CUST-10285,Ekavir Doshi,mpandit@example.org,+917085299785,Abu Dhabi,2025-06-25
CUST-10286,Simon Samra,ekapadkala@example.net,09781435123,Dubai,2025-09-25
CUST-10287,Champak Rout,fitananne@example.com,5019393704,Abu Dhabi,2024-07-16
CUST-10288,Ekbal Nagy,karan69@example.net,+915129192986,Ajman,2024-10-22
CUST-10289,Reva Bahri,dnath@example.com,02808434169,Sharjah,2025-01-11
CUST-10290,Vivaan Patla,eprashad@example.com,+912260467611,Sharjah,2025-10-20
CUST-10291,Zayan Dhar,ekajachar@example.com,+911294545550,Ajman,2024-03-10
CUST-10292,Darpan Padmanabhan,udatta@example.net,+914807675198,Abu Dhabi,2025-03-17
CUST-10293,Avi Sur,yachanathakkar@example.net,3069891493,Sharjah,2024-07-07
CUST-10294,Ijaya Hans,ymaster@example.org,09332957348,Ajman,2025-06-06
CUST-10295,Nilima Shukla,osani@example.com,01483754723,Abu Dhabi,2024-11-12
CUST-10296,Ayush Chacko,jairajtata@example.org,+915292002500,Dubai,2024-12-23
CUST-10297,Omya Iyengar,shivanikakar@example.org,07130790270,Abu Dhabi,2024-03-06
CUST-10298,Mekhala Nazareth,chandranchatresh@example.org,+910565602358,Dubai,2024-07-19
CUST-10299,Ekta Jani,chaitanyabala@example.org,06416997850,Dubai,2026-02-04
CUST-10300,Zayyan Natt,saanvi97@example.org,02425529485,Sharjah,2026-01-28
CUST-10301,Nilima Ganesan,ujayaraman@example.net,08801468243,Abu Dhabi,2025-05-08
CUST-10302,Girindra Kakar,bhavika67@example.org,+916355807521,Ajman,2025-12-16
CUST-10303,Vinaya Chanda,yatinpradhan@example.net,+912280220255,Abu Dhabi,2024-08-03
CUST-10304,George Gokhale,utkarsh89@example.org,+910637372336,Dubai,2025-06-21
CUST-10305,Wakeeta Murthy,hredhaanmore@example.net,02447911659,Dubai,2025-10-22
CUST-10306,Ayaan Behl,wsachdev@example.net,1875511209,Ajman,2024-06-19
CUST-10307,Lakshmi Dhar,malldayamai@example.com,08771879491,Ajman,2025-09-26
CUST-10308,Riya Shan,qnarasimhan@example.net,+919598257839,Ajman,2024-12-09
CUST-10309,Jonathan Gupta,dmammen@example.net,+916466620375,Abu Dhabi,2024-11-30
CUST-10310,Yamini Sodhi,labangill@example.net,6341647479,Abu Dhabi,2024-11-23
CUST-10311,Urvashi Gulati,yrama@example.com,1182561472,Ajman,2024-04-02
CUST-10312,Jairaj Gupta,fahuja@example.org,2469975205,Dubai,2024-12-27
CUST-10313,Qasim Balakrishnan,uchadha@example.org,+910820759001,Dubai,2024-11-29
CUST-10314,Akshay Merchant,shanoscar@example.com,03822319442,Ajman,2025-02-02
CUST-10315,Hardik Dubey,azaan11@example.com,09658352778,Dubai,2025-12-06
CUST-10316,Priya Ramakrishnan,lucky22@example.com,+916680521387,Dubai,2024-12-09
CUST-10317,Januja Choudhary,vedantlall@example.org,00823890754,Abu Dhabi,2025-04-24
CUST-10318,Chanchal Dyal,girindra80@example.com,+919054844863,Sharjah,2025-06-28
CUST-10319,Kamala Chad,niharika87@example.com,9735923118,Sharjah,2024-04-15
CUST-10320,Triveni Chacko,raaginishukla@example.org,01597976582,Dubai,2025-12-02
CUST-10321,Gaurang Dash,vasazarna@example.com,4440355558,Sharjah,2026-01-01
CUST-10322,Shravya Lala,kai71@example.org,+913526891443,Dubai,2024-09-26
CUST-10323,Farhan Ratti,vedant99@example.com,4889103559,Ajman,2024-03-27
CUST-10324,Gavin Venkatesh,mdhar@example.net,7946233629,Sharjah,2025-02-14
CUST-10325,Gayathri Krishnan,vasudha49@example.org,+917099326051,Abu Dhabi,2024-06-15
CUST-10326,Theodore Nagi,joza@example.org,8456720059,Sharjah,2025-05-22
CUST-10327,Prisha Verma,ybhat@example.com,+912513458704,Dubai,2025-01-08
CUST-10328,Bhavika Bedi,sainimadhavi@example.net,3148558010,Dubai,2025-08-01
CUST-10329,Janya Bhavsar,jonathanedwin@example.net,00467029466,Ajman,2024-06-27
CUST-10330,Neel Narang,rborde@example.net,00352361554,Ajman,2025-05-04
CUST-10331,Varsha Khanna,aadhya54@example.com,02045994721,Dubai,2025-10-25
CUST-10332,Yachana Vaidya,ykarnik@example.com,0623606066,Sharjah,2025-01-06
CUST-10333,Nidra Dhaliwal,okannan@example.org,02362077615,Abu Dhabi,2025-01-10
CUST-10334,Triveni Mangat,wridesh12@example.com,00443117825,Ajman,2024-05-06
CUST-10335,Anusha Luthra,nadigbhavna@example.net,7431435504,Ajman,2025-11-03
CUST-10336,Urmi Rege,sharafedhitha@example.com,07018754360,Ajman,2024-10-10
CUST-10337,Darika Bhasin,ayushman15@example.com,03994036960,Ajman,2025-07-27
CUST-10338,Ishwar Basu,bahadurjitparekh@example.org,7169389639,Abu Dhabi,2024-04-01
CUST-10339,Inaya Tank,bkoshy@example.org,+917379414419,Sharjah,2025-05-07
CUST-10340,Chandran Dada,advaysami@example.net,04794381152,Dubai,2025-06-24
CUST-10341,Idika Mukhopadhyay,vnayak@example.org,01262888858,Ajman,2025-06-07
CUST-10342,Upkaar Amble,roychavvi@example.org,+911205824166,Abu Dhabi,2025-12-24
CUST-10343,Pooja Sundaram,vinayahans@example.net,07554687291,Ajman,2025-04-05
CUST-10344,Siddharth Anne,tanay63@example.net,1118645785,Dubai,2024-07-07
CUST-10345,Nikita Chauhan,gpall@example.com,07029257424,Sharjah,2025-12-03
CUST-10346,Manya Kata,yohannannilima@example.org,+911923771016,Abu Dhabi,2024-05-02
CUST-10347,Naveen Agrawal,mallickmegha@example.com,+916839643581,Ajman,2024-12-04
CUST-10348,Hema Dhaliwal,mohammeddeshmukh@example.net,00471776293,Sharjah,2025-09-28
CUST-10349,Aditya Manda,jeevika60@example.com,3579696835,Dubai,2024-09-13
CUST-10350,Anirudh Vyas,abdul84@example.net,6963387985,Ajman,2025-06-16
CUST-10351,Lohit Gaba,xbadal@example.org,1627570950,Sharjah,2025-05-30
CUST-10352,Yashodhara Ganguly,aayushmital@example.org,08852089241,Sharjah,2025-09-29
CUST-10353,Vinaya Puri,rampanini@example.com,09229643904,Abu Dhabi,2024-10-20
CUST-10354,Manthan Borra,harinichakraborty@example.com,+911870126133,Abu Dhabi,2025-07-17
CUST-10355,Pratyush Shan,waidakrishnan@example.net,+913140093100,Dubai,2025-02-08
CUST-10356,Dalaja Raju,qnagi@example.org,+915521779801,Ajman,2024-07-06
CUST-10357,Nirja Suri,hshenoy@example.net,02318894290,Ajman,2024-07-25
CUST-10358,Eta Parmer,ukale@example.net,7444563537,Sharjah,2025-03-30
CUST-10359,Anirudh Gola,shivansh41@example.com,+912731862304,Ajman,2025-01-01
CUST-10360,Lakshit Khurana,wmann@example.net,03098172710,Dubai,2025-06-03
CUST-10361,Harita Sandhu,advik05@example.com,2906883567,Ajman,2025-01-01
CUST-10362,Chavvi Nayar,xaviersem@example.com,8645362879,Dubai,2024-11-09
CUST-10363,Zashil Sridhar,hemangini14@example.org,+918815856418,Ajman,2025-03-09
CUST-10364,Arin Lalla,upasna19@example.org,08570881265,Sharjah,2024-11-03
CUST-10365,Yashawini Saraf,bakshiishwar@example.com,9834922164,Ajman,2024-05-28
CUST-10366,Chatresh Bir,tmaster@example.org,0178180608,Dubai,2024-03-10
CUST-10367,Krish Jaggi,cnarula@example.org,+913163797123,Dubai,2025-06-30
CUST-10368,Falguni Ravel,fdhar@example.net,+914783190443,Dubai,2024-03-05
CUST-10369,Omya Nair,balasubramaniananay@example.net,6147295463,Ajman,2025-10-25
CUST-10370,Pushti Dey,udantrau@example.org,07499107127,Ajman,2024-06-03
CUST-10371,Caleb Divan,tamannaraghavan@example.org,+913982919120,Abu Dhabi,2024-11-08
CUST-10372,Max Gaba,tswaminathan@example.com,8863150137,Ajman,2026-02-25
CUST-10373,Zehaan Natt,saranamruta@example.com,5200755319,Abu Dhabi,2024-05-06
CUST-10374,Anita Varghese,abhiram62@example.net,+914692729445,Dubai,2024-11-30
CUST-10375,Lipika Narain,qmander@example.org,7881946418,Ajman,2025-05-10
CUST-10376,Ronith Randhawa,nicholasgrewal@example.net,6156482747,Dubai,2025-10-13
CUST-10377,Gautami Pai,mahika25@example.net,+917662796037,Dubai,2024-04-24
CUST-10378,Eshana Chhabra,krishna52@example.net,+919280264856,Sharjah,2024-12-16
CUST-10379,Yuvraj Yohannan,seshadrikevin@example.org,03700002314,Sharjah,2024-07-01
CUST-10380,Hemani Shetty,sidhuazaan@example.org,4940988211,Dubai,2025-04-18
CUST-10381,Adya Babu,dubeyviraj@example.com,+915823973202,Ajman,2025-02-01
CUST-10382,Neha Pillay,tbhatnagar@example.net,0515348381,Abu Dhabi,2024-12-27
CUST-10383,Manthan Khatri,bhatodika@example.com,+918362565432,Ajman,2025-12-10
CUST-10384,Hitesh Bhardwaj,bawanetra@example.org,03935112439,Ajman,2025-08-26
CUST-10385,Yachana Srivastava,viswanathanatharv@example.org,03665288200,Abu Dhabi,2025-11-17
CUST-10386,Yamini Goyal,vedantbadal@example.com,+918666561265,Ajman,2025-04-15
CUST-10387,Chandresh Badami,yohannanindrajit@example.org,3750819899,Dubai,2024-06-21
CUST-10388,Yashvi Bajaj,bhavna82@example.com,05323798742,Abu Dhabi,2026-02-21
CUST-10389,Gautam Rege,tarakahluwalia@example.org,04575070741,Abu Dhabi,2025-12-14
CUST-10390,Devika Kalita,esaraf@example.com,6903614692,Ajman,2025-09-27
CUST-10391,Zehaan Pant,ypingle@example.com,+918866129224,Ajman,2024-07-12
CUST-10392,Michael Dada,hredhaan33@example.com,01297862206,Abu Dhabi,2025-07-03
CUST-10393,Libni Master,bhavna57@example.net,+917984450071,Ajman,2024-09-26
CUST-10394,Yutika Rai,qasim66@example.net,+912169750052,Ajman,2024-10-04
CUST-10395,Amrita Patla,maanas08@example.com,3707856993,Ajman,2025-05-22
CUST-10396,Falak Mangat,charanmammen@example.com,3074909611,Abu Dhabi,2024-11-07
CUST-10397,Upma Oak,prishacontractor@example.org,00381998250,Ajman,2025-10-29
CUST-10398,Yochana Thakur,vpall@example.org,06792650316,Abu Dhabi,2024-07-18
CUST-10399,Girik Mander,brijesh20@example.com,+916038999651,Dubai,2025-01-26
CUST-10400,Vivaan Chahal,aashidash@example.com,4421042695,Ajman,2024-03-26
CUST-10401,Frederick Bhandari,krishnamurthyradha@example.org,7992017264,Ajman,2026-02-02
CUST-10402,Faraj Karpe,gaurangi38@example.net,+916139255979,Sharjah,2024-03-24
CUST-10403,Divya Dara,qkoshy@example.org,09817433301,Dubai,2025-07-12
CUST-10404,Eta Batra,aarna40@example.net,5037844212,Dubai,2026-02-08
CUST-10405,Ojasvi More,hrattan@example.org,+916147073049,Dubai,2025-04-24
CUST-10406,Bishakha Char,yogijanuja@example.org,05121384673,Sharjah,2025-08-07
CUST-10407,Anay Parsa,farajnayar@example.org,00592824871,Abu Dhabi,2024-07-28
CUST-10408,Chaman Verma,eesha59@example.net,03451186617,Dubai,2024-10-14
CUST-10409,Zilmil Magar,baladavid@example.net,1745767692,Abu Dhabi,2024-06-09
CUST-10410,Luke Shenoy,kamya67@example.com,4541141604,Abu Dhabi,2024-10-07
CUST-10411,Liam Deol,ejohal@example.org,8592765863,Ajman,2024-07-17
CUST-10412,Turvi Tara,xbhargava@example.org,+916390744013,Abu Dhabi,2024-11-05
CUST-10413,Jack Doctor,achahal@example.org,+919659820778,Abu Dhabi,2024-02-29
CUST-10414,Falguni Babu,upadhritijhaveri@example.org,+910231184010,Sharjah,2024-11-26
CUST-10415,Chatura Narayanan,jeevikasunder@example.org,08175613890,Sharjah,2024-12-28
CUST-10416,Chaaya Bala,xdhar@example.net,09118239092,Sharjah,2024-07-14
CUST-10417,Balhaar Bhatnagar,baradnidra@example.com,+917812958292,Ajman,2024-11-19
CUST-10418,Devika Johal,qsule@example.net,03195748323,Dubai,2024-05-23
CUST-10419,Aadhya Sarna,jacksonbandi@example.org,09459682466,Ajman,2024-08-05
CUST-10420,Upadhriti Natarajan,jainhardik@example.com,+915723467539,Abu Dhabi,2025-06-22
CUST-10421,Charvi Wason,mohini10@example.com,3367863315,Abu Dhabi,2024-08-19
CUST-10422,Zayan Sodhi,gayathridora@example.org,09111038528,Ajman,2024-05-10
CUST-10423,Kalpit Taneja,gokhaleaadhya@example.net,+915947451062,Dubai,2025-01-27
CUST-10424,Manan Khalsa,kdhar@example.com,00761853567,Dubai,2025-07-16
CUST-10425,Warjas Prashad,soodsai@example.org,+914800133812,Ajman,2024-09-04
CUST-10426,Omya Sha,iyerwridesh@example.net,02604095931,Dubai,2024-10-16
CUST-10427,Girik Hans,ekanta49@example.org,+915839019494,Sharjah,2026-02-01
CUST-10428,Kamya Basak,qushi83@example.org,0777131122,Ajman,2024-12-05
CUST-10429,Chaman Sekhon,isha05@example.org,+913239381634,Dubai,2024-04-02
CUST-10430,Warhi Tandon,forum47@example.org,+912542397930,Abu Dhabi,2024-04-22
CUST-10431,Rajeshri Butala,patlayatan@example.org,+919745116099,Abu Dhabi,2024-12-07
CUST-10432,Warhi Lata,omaja66@example.org,6309176162,Sharjah,2025-11-10
CUST-10433,Indira Parekh,williamjaggi@example.com,6741998060,Dubai,2024-03-31
CUST-10434,Samaksh Choudhury,chaudhurijeremiah@example.org,8655034577,Ajman,2025-04-04
CUST-10435,Shivani Apte,georgedash@example.com,+917678874615,Ajman,2025-09-10
CUST-10436,Abdul Venkataraman,ngulati@example.net,07480800061,Ajman,2025-04-11
CUST-10437,Chanakya Dewan,oscarthaker@example.net,+918070544688,Sharjah,2024-07-24
CUST-10438,Harini Maharaj,indrajitnadkarni@example.org,09797467774,Abu Dhabi,2024-05-23
CUST-10439,Pahal Vasa,girikdeol@example.net,07862944212,Dubai,2025-06-02
CUST-10440,Urmi Deshmukh,abha86@example.com,09615729501,Sharjah,2025-11-08
CUST-10441,Leela Goswami,nchowdhury@example.org,2384193492,Dubai,2024-10-11
CUST-10442,Andrew Dar,ypatla@example.net,+916448689944,Sharjah,2024-09-09
CUST-10443,Yashodhara Hayer,sethaarna@example.com,+914260385527,Ajman,2025-03-05
CUST-10444,Falan Vora,lakshitmitra@example.com,06919414670,Dubai,2025-09-30
CUST-10445,Falak Kota,kiaan63@example.com,02412946114,Dubai,2026-02-03
CUST-10446,Nilima Atwal,kalabhavna@example.net,2630657921,Abu Dhabi,2025-02-17
CUST-10447,William Wadhwa,nisha23@example.net,08865945466,Abu Dhabi,2024-05-14
CUST-10448,Gagan Kibe,jasmit36@example.net,2939971637,Sharjah,2026-01-17
CUST-10449,Dipta Babu,sacharlucky@example.com,+914102188086,Ajman,2024-05-14
CUST-10450,Chatura Tella,upkaarrana@example.org,07637115235,Sharjah,2024-07-05
CUST-10451,Sathvik Sanghvi,ladli52@example.com,4693704962,Sharjah,2025-03-06
CUST-10452,Nathaniel Pillay,maxluthra@example.org,02156995751,Dubai,2026-02-16
CUST-10453,Kalpit Kata,urvi69@example.net,+918747138828,Abu Dhabi,2025-09-05
CUST-10454,Qabil Gopal,ayushmanbaral@example.net,6304781395,Sharjah,2025-03-08
CUST-10455,Falak Swamy,pranit74@example.com,7356943607,Sharjah,2026-01-29
CUST-10456,Mitali Pradhan,pdhar@example.com,00886646381,Abu Dhabi,2025-12-17
CUST-10457,Henry Contractor,harish38@example.org,+911062360959,Dubai,2024-11-26
CUST-10458,Chakradev Grewal,rehaanbasak@example.com,01876393730,Dubai,2024-10-07
CUST-10459,Bhavani Tara,dhillondamini@example.org,+916743551575,Ajman,2025-04-12
CUST-10460,Dalaja Banerjee,chakradevamble@example.org,04639986200,Ajman,2024-03-31
CUST-10461,Andrew Madan,idivan@example.net,+912578986577,Ajman,2025-07-17
CUST-10462,Sathvik Chakrabarti,jahluwalia@example.net,+919983966810,Abu Dhabi,2025-01-02
CUST-10463,Aarav Mitra,choudhryrushil@example.org,7234863288,Abu Dhabi,2025-12-05
CUST-10464,Gaurav Nagar,baradgarima@example.net,+914811080133,Dubai,2025-12-30
CUST-10465,Yashica Bedi,jai59@example.net,8563447963,Dubai,2025-03-07
CUST-10466,Madhavi Chanda,kohlifalan@example.net,09465832894,Sharjah,2025-07-10
CUST-10467,Ekavir Patla,natarajanbachittar@example.com,05493903968,Ajman,2024-02-28
CUST-10468,Maanas Dalal,dbadami@example.org,9954274403,Sharjah,2025-09-22
CUST-10469,Chavvi Pandey,gokhaleayaan@example.org,+918044696667,Abu Dhabi,2024-09-24
CUST-10470,Advay Pandey,prisha09@example.org,+919881509555,Ajman,2025-09-29
CUST-10471,Xavier Pillai,jatinrai@example.org,+914458536668,Dubai,2025-08-22
CUST-10472,Warda Dhawan,manyamisra@example.net,08878229203,Dubai,2024-08-17
CUST-10473,Karan Narain,riyadeshmukh@example.net,+918662629188,Dubai,2025-02-04
CUST-10474,Shivani Oza,hredhaannaidu@example.net,3589236627,Abu Dhabi,2024-08-02
CUST-10475,Nisha Shere,watika34@example.org,01779771307,Dubai,2024-11-20
CUST-10476,Neelima Khatri,obir@example.com,06387235734,Abu Dhabi,2025-06-09
CUST-10477,Liam Parsa,shravyachaudhuri@example.net,+910328132186,Ajman,2026-01-19
CUST-10478,Caleb Singh,reyansh47@example.com,5195337110,Sharjah,2025-08-29
CUST-10479,Parth Raghavan,mchoudhry@example.org,4990224958,Sharjah,2025-01-29
CUST-10480,Nimrat Venkataraman,bobaljatin@example.org,+915827021329,Dubai,2025-10-16
CUST-10481,Ojasvi Sandal,rdalal@example.net,00612808562,Dubai,2024-10-13
CUST-10482,Karan Sridhar,nsharma@example.net,+917432989361,Dubai,2024-10-05
CUST-10483,Meera Sabharwal,baradtanay@example.com,+912440897240,Abu Dhabi,2025-08-28
CUST-10484,Yuvraj Mander,paninimangal@example.com,06735395728,Abu Dhabi,2025-11-19
CUST-10485,Ekta Bajaj,chadria@example.com,7759664160,Ajman,2025-08-23
CUST-10486,Andrew Chana,pmital@example.net,09399933308,Ajman,2026-01-19
CUST-10487,Chavvi Dara,neeldutta@example.com,02956731357,Ajman,2025-02-01
CUST-10488,Azaan Varty,meghadate@example.com,00616257430,Abu Dhabi,2024-05-04
CUST-10489,Liam Naik,yvora@example.net,00650125777,Ajman,2024-11-20
CUST-10490,Gaurang Srinivasan,mvarghese@example.net,05847831108,Sharjah,2025-11-18
CUST-10491,Faras Master,rmadan@example.com,06938382432,Ajman,2024-12-18
CUST-10492,Xiti Nagarajan,advay29@example.net,02514138828,Ajman,2025-02-21
CUST-10493,Ati Sha,madanjackson@example.net,+916591576919,Dubai,2024-11-28
CUST-10494,Jeevika Ramesh,vyanjanapathak@example.com,8499831665,Abu Dhabi,2024-03-31
CUST-10495,Warhi Nadkarni,krishgopal@example.net,3895225333,Ajman,2024-09-05
CUST-10496,Jasmit Garde,npillay@example.com,+912518797681,Sharjah,2024-11-06
CUST-10497,Gabriel Sarkar,jeetchakrabarti@example.org,+910979474658,Abu Dhabi,2025-03-20
CUST-10498,Girish Minhas,smutti@example.net,+918634333845,Ajman,2025-12-14
CUST-10499,Ojas Vohra,ipau@example.com,03292464739,Dubai,2025-03-13
